neg,neu,pos,compound,post
0.0,1.0,0.0,0.0,feel prequel series
0.0,0.536,0.464,0.3818,credit twitter user rodeoman
1.0,0.0,0.0,-0.4767,shame
0.0,1.0,0.0,0.0,emilia clarke‘s pumpkin carving
0.0,1.0,0.0,0.0,bobbyb boys waiting new series
0.159,0.841,0.0,-0.5574,psa dd chose star wars way around kathleen kennedy extended open invitation return currently working two hundred million netflix series
0.091,0.629,0.28,0.5106,enough time passed miss joy watching got remember nothing first seven seasons matters slightest
0.0,1.0,0.0,0.0,reducing fantasy elements asoiaf
0.282,0.471,0.247,-0.0772,time petition netflix fire dd well
0.0,0.654,0.346,0.5719,little gothalloween illustration local gaming shop happy halloween
0.0,1.0,0.0,0.0,reigns dan dave sung tune know
0.0,0.707,0.293,0.5526,guess well wait got reboot twenty years ever want see ice spiders screen!spider!!spider_web!!snowflake!
0.0,0.777,0.223,0.3182,going back toxic got fan hbo developing targaryen show
0.204,0.561,0.235,0.1536,didnt want appeal kind fan wanted expand fanbase people beyond phantasy fanbase mothers nfl players
0.0,1.0,0.0,0.0,rfreefolk sends regards
0.205,0.795,0.0,-0.4767,2d saying held back lore ww prequel prequel canceled makes s8 infinitely worse
0.0,0.559,0.441,0.7964,best got vid ive seen even made season eight look good
0.0,1.0,0.0,0.0,time delete subreddit beat fookin kneelers d2
0.0,1.0,0.0,0.0,emilia clarke house dragon
0.767,0.233,0.0,-0.5106,i’m angry
0.195,0.569,0.236,0.128,fire blood would make better prequel long night bloodmoon
0.0,0.549,0.451,0.802,need hbo announce they’re remaking season eight competent writers trinity good luck complete
0.0,0.537,0.463,0.7845,parents went got themed halloween party best outfit went guy
0.0,0.685,0.315,0.3182,satirical news page probably far truth
0.0,1.0,0.0,0.0,poetry contest work
0.0,0.556,0.444,0.4939,austin film festival panel footage
0.697,0.303,0.0,-0.3182,constant struggle
0.706,0.294,0.0,-0.802,heard 2d fired star wars
0.0,1.0,0.0,0.0,way rff hearing news
0.0,1.0,0.0,0.0,i’m dragon til get coffee
0.0,0.566,0.434,0.3182,sure winter coming npr
0.0,1.0,0.0,0.0,thought pull back
0.0,1.0,0.0,0.0,creators
0.0,0.612,0.388,0.5859,wow hbo released first still targaryen prequel
0.194,0.672,0.134,-0.2023,henry cavill aegon hes got face body voice fight think chances
0.0,0.323,0.677,0.6369,best cosplay ever
0.0,0.408,0.592,0.4404,good ol switcheroo
0.722,0.278,0.0,-0.1531,tmi gendry tmi
0.0,1.0,0.0,0.0,anyone else going invested new series
0.0,0.933,0.067,0.3008,tolkien movie tolkien aske tell story cellardoor pronounced almost exactly like salladhor game thrones pirate known salladhor saan tolkien movie says cellardoor name place years later george rr martin makes salladhor name
0.192,0.678,0.13,-0.2732,read recently dnd panel kneelers disgusted said need updates happening someone put speed please
0.0,1.0,0.0,0.0,cold ngl saw goose bumps
0.0,0.0,0.0,0.0,
0.0,1.0,0.0,0.0,nightmare
0.0,1.0,0.0,0.0,arya knows things
0.73,0.27,0.0,-0.4019,getting annoying
0.0,1.0,0.0,0.0,got soundtrack randomly comes
0.535,0.465,0.0,-0.3182,wait im confused
0.0,1.0,0.0,0.0,coworker’s halloween costume
0.341,0.659,0.0,-0.4767,come back dd memes end sad s8
0.0,1.0,0.0,0.0,wife series followup
0.0,1.0,0.0,0.0,overthrown freefolk rises
0.0,0.286,0.714,0.3612,like times
0.0,0.625,0.375,0.4588,favorite entire game thrones story far
0.0,1.0,0.0,0.0,‘star wars’ setback ‘game thrones’ duo exit lucasfilm trilogy
0.357,0.382,0.261,-0.3612,lol shocking didn’t want go forward w story rendered meaningless got
1.0,0.0,0.0,-0.4215,broke
0.655,0.345,0.0,-0.5859,one season ruin
0.286,0.714,0.0,-0.5574,live look two fandoms hearing news dds leaving star wars
0.0,1.0,0.0,0.0,may thought way
0.474,0.526,0.0,-0.5574,dd exit star wars trilogy
0.0,0.2,0.8,0.6124,outstanding move
0.0,1.0,0.0,0.0,queen chose
0.0,1.0,0.0,0.0,emilia clarke imitated dance kit jason !rolling_on_the_floor_laughing!
0.0,0.571,0.429,0.4588,first homemade costume favorite ginger
0.32,0.68,0.0,-0.5106,someone tells move past hating season eight stillbitteraf
0.0,1.0,0.0,0.0,writing
0.0,1.0,0.0,0.0,heres dads thrones set armageddon expo nz first proper build
0.0,1.0,0.0,0.0,animated season
0.0,1.0,0.0,0.0,yass
0.0,1.0,0.0,0.0,lord rings version andy extra still lotr sub right
0.0,1.0,0.0,0.0,got
0.286,0.714,0.0,-0.5574,got two idiots star wars need plan get netflix show
0.247,0.573,0.181,-0.128,jenny oldstones scene made everything came even worse reminding awesome got lazy final season script writing
0.398,0.602,0.0,-0.5106,returning three months rfreefolk dd failed
0.0,0.694,0.306,0.875,guys think dacre montgomery billy stranger things would good aegon prequel young maybe could play another male targaryen think face dont know would look good white wig tho lol
0.0,1.0,0.0,0.0,brother john snow
0.0,1.0,0.0,0.0,ladies gentlemen got
0.124,0.496,0.38,0.4767,created petition try demand hbo accept prequel pilot sign
0.643,0.357,0.0,-0.802,read dd got fired star wars
0.0,1.0,0.0,0.0,makes sense
0.0,1.0,0.0,0.0,shower thought started beggining working house dragon instead bloodmoom could targaryen prequel somewhere two thousand and twenty
0.0,0.525,0.475,0.7449,justice mustve realised writing scripts cant actually write shit
0.346,0.37,0.284,-0.128,bitter victory sure victory nonetheless
0.0,0.697,0.303,0.1877,least books didnt get cancelled
0.0,1.0,0.0,0.0,freefolk find hbo scrapped got prequel show
0.196,0.804,0.0,-0.3988,mainstream fans hyped miguel sapochnik directing new got prequel really isnt good
0.0,0.619,0.381,0.5719,right federal government judge delicious lion cubs
0.286,0.714,0.0,-0.5574,game thrones showrunners quit star wars trilogy work netflix projects
0.667,0.333,0.0,-0.7184,disney firing dd star wars
0.0,1.0,0.0,0.0,david chen cast kings podcast tweet franchise adhering strictly second law thermodynamics
0.0,1.0,0.0,0.0,kings landing mindful carbon footprint
0.5,0.5,0.0,-0.6124,probably dds thought process bastards
0.0,0.761,0.239,0.296,it’s ok dd remember nothing ever really gone
0.778,0.222,0.0,-0.5423,holy fuck
0.241,0.759,0.0,-0.2263,hbo cancels got prequel starring naomi watts
0.315,0.484,0.202,-0.34,thenn thursdays lots people like arts craftslots cunts
0.379,0.621,0.0,-0.0572,dd dont want
0.515,0.485,0.0,-0.891,first 2d lose star wars bloodmoon dead aegons conquest table targaryens send regards
0.612,0.388,0.0,-0.836,reaction find dds star wars movies dead
0.0,1.0,0.0,0.0,finally got
0.455,0.212,0.333,-0.2856,dead may never die
0.0,1.0,0.0,0.0,thats burnt
0.0,1.0,0.0,0.0,baghdadi dds career one week
0.0,1.0,0.0,0.0,boys
0.0,1.0,0.0,0.0,emilia clarke reveals identity coffee cup culprit
0.0,1.0,0.0,0.0,absolute bunglers
0.37,0.365,0.266,-0.4588,help understand motivation dd divulge information knowing revealing incompetence ruin careers
0.0,1.0,0.0,0.0,euron asha listening dennis reynolds explaining implication
0.31,0.69,0.0,-0.5574,coming back freefolk learning dd aren’t star wars anymore
0.288,0.588,0.124,-0.4215,prediction netflix produce wathever writing fail hard one season well never hear names
0.201,0.38,0.418,0.4588,girlfriend dressed favorite couple hate yes fill scripts season eight jokes
0.0,1.0,0.0,0.0,stonks
0.0,1.0,0.0,0.0,you’re still salty ending
0.585,0.148,0.267,-0.6486,dds star wars dead hahaha
0.479,0.521,0.0,-0.8481,dd fired star wars hbo cancelled long night prequel get targaryen prequel instead
0.0,1.0,0.0,0.0,boys
0.0,1.0,0.0,0.0,rfreefolk right
0.163,0.361,0.476,0.6369,rfreefolk watching hoping dd career opportunities crash like 8th season
0.0,1.0,0.0,0.0,it’s official
0.0,0.312,0.688,0.5267,i’ve got good feeling
0.0,1.0,0.0,0.0,im done making got memes
0.456,0.34,0.204,-0.5719,mrw dd star wars still ruined favorite show
0.265,0.735,0.0,-0.5574,mom nfl player star wars fans heard news dd arent trilogy
0.204,0.539,0.257,-0.0258,see aegon conqueror prequel hope grrm expands plot point foreseeing threat others
0.0,0.633,0.367,0.4404,today suppose good day get notification
0.234,0.467,0.299,0.1779,dd confirm fanbase suspicions austin film festival
0.0,1.0,0.0,0.0,shall pass
0.234,0.766,0.0,-0.0572,dont want dd exist anymore
0.0,1.0,0.0,0.0,word
0.187,0.46,0.353,0.2681,didnt want appeal type fan
0.0,0.729,0.271,0.3818,hoped new shiny show might mend tarnished reputation
0.0,1.0,0.0,0.0,gave ten years life game thrones
0.537,0.463,0.0,-0.7003,see jorah siege pyke realizing badly piss
0.321,0.357,0.321,0.0,hilarious see dd crash burn
0.157,0.63,0.213,0.1779,prequel cancelled ive seen post saying yes post saying ladbible
0.0,1.0,0.0,0.0,game thrones prequel series confirmed
0.152,0.303,0.545,0.6369,hope worth ruining show millions people ha cnts
0.0,0.312,0.688,0.296,ok epic
0.356,0.644,0.0,-0.802,dd rush garbage s8 slither star wars get fired disney indirectly get prequel series canned
0.184,0.816,0.0,-0.5574,posting screenshots got deleted rstarwarsleaks david dan removed star wars netflix deal source joanna robinson storm podcast
0.0,1.0,0.0,0.0,could see drogon ending
0.0,1.0,0.0,0.0,early sign dd knowing theyre
0.796,0.204,0.0,-0.5994,lots cunts
0.0,1.0,0.0,0.0,boys
0.302,0.698,0.0,-0.5994,game thrones prequel focus targaryen civil war 10episode first season
0.0,0.684,0.316,0.5719,happy trilogy news realizing means im still thinking dnd
0.0,0.274,0.726,0.6486,crossover sure welcome one
0.0,0.755,0.245,0.0772,dunk egg prequel want see
0.285,0.61,0.106,-0.6597,wrote novelit new york city booki fear gonna hire guy malibu whod ny vacationhe gonna ruin wanted protect
0.0,0.723,0.277,0.3182,made real quick newsdisney sure subverted expectations
0.0,0.571,0.429,0.128,ramsay bolton joker
0.479,0.213,0.309,-0.3818,got good rad killed
0.524,0.476,0.0,-0.6705,fuck dd long night prequel cancelled hbo
0.0,0.37,0.63,0.7783,happy halloween friends company costume contest
0.0,0.282,0.718,0.6249,fun casual lurker sub
0.756,0.244,0.0,-0.4767,poor bran
0.0,1.0,0.0,0.0,queen shall
0.0,0.838,0.162,0.4767,david benioff said don’t know grrm trusted us life’s work given dds total inexperience think might answer
0.0,1.0,0.0,0.0,bloodmoon pilot
0.0,1.0,0.0,0.0,take notes 2d
0.0,0.874,0.126,0.3182,listening feedback fans things went along dan “we really not” game thrones creators explain approached fan feedback
0.0,1.0,0.0,0.0,question dragonlords valyrian steel swords
0.0,1.0,0.0,0.0,heard targaryen series coming
0.561,0.439,0.0,-0.8258,dragon demands puts forward prequel considerably worse racist
0.545,0.455,0.0,-0.5574,sources saying 2d fired
0.213,0.662,0.125,-0.3612,miguel sapochnik wanted fifty dire wolfs attack wight viserion “the long night” gets last laugh dd gets direct “house dragon” work grrm
0.0,0.513,0.487,0.2263,man straight fax
0.42,0.341,0.239,-0.3818,well seems chaos ladder dd
0.0,1.0,0.0,0.0,marco polo hemlock grove proof netflix fucking clue
0.419,0.581,0.0,-0.5574,turning phone talk shit dd news
0.343,0.381,0.276,-0.1779,dd exit star wars movie rejoice
0.0,1.0,0.0,0.0,dd
0.0,1.0,0.0,0.0,two types writers
0.133,0.756,0.111,-0.128,first priority get black dread right show us nature dragons prime actually like allowed small force conquer whole continent
0.552,0.448,0.0,-0.8126,watching dds plans ruin star wars go flames
0.0,0.693,0.307,0.8519,seen “hardhome” first time easily favorite episode series farthe white walkers beautiful cold snowing weather night king jon snow’s leadership one thousand and ten
0.385,0.615,0.0,-0.3612,fixing mess simply finishing story
0.0,1.0,0.0,0.0,sun rises west sets east
0.236,0.608,0.155,-0.2944,i’m thinking whoever charge fan got really mad finale karma exist
0.0,0.0,1.0,0.4215,lol
0.314,0.286,0.4,0.2263,greatest teacher failure case savior
0.0,0.706,0.294,0.3612,season eight looks like fookin ball sack
0.0,1.0,0.0,0.0,daenerys
0.0,1.0,0.0,0.0,emilia reacts prequel
0.0,0.278,0.722,0.3818,humorous picture
0.0,0.465,0.535,0.3182,curious see pans
0.0,1.0,0.0,0.0,figured
0.0,1.0,0.0,0.0,i’m dragons
0.0,1.0,0.0,0.0,whatever takes
0.424,0.326,0.25,-0.3818,they’re still huge cunts tho
0.0,1.0,0.0,0.0,different books compared show
0.0,1.0,0.0,0.0,freefolk
0.649,0.351,0.0,-0.5719,kept going hate
0.0,1.0,0.0,0.0,relevant
0.0,0.227,0.773,0.5267,poetic justice
0.0,1.0,0.0,0.0,else would
0.0,1.0,0.0,0.0,victory
0.872,0.128,0.0,-0.7783,2d lost killed
0.0,0.38,0.62,0.5994,feeling back family congrats freefolks
0.0,0.0,0.0,0.0,
0.0,1.0,0.0,0.0,called today need s8 remake
0.0,1.0,0.0,0.0,queen ashes
0.0,0.536,0.464,0.9403,big budget completed material source house dragon amazing potential better game thrones targaryen dynasty joy read watch think best story asoiaf
0.168,0.645,0.187,0.0772,waiting first trailer post meme since dd disappoints hope still get karma
0.531,0.272,0.197,-0.7096,today going something truly vile horrifying halloween
0.0,1.0,0.0,0.0,cricis subverted
0.443,0.41,0.148,-0.5574,litigation dark full terrors casual costume court today
0.0,0.432,0.568,0.6435,nothing see useless villain backstory passing
0.194,0.806,0.0,-0.34,goddammit really wanted see rey sack mos eisley fire breathing tauntaun
0.177,0.565,0.258,0.25,poll recommending got friend season would tell stop watching
0.398,0.602,0.0,-0.9313,remember everyone died except arya magical horse covered blood exploding people rode city came back city next episode tell jon city fire people dead shit
0.0,0.912,0.088,0.4019,july two thousand and seventeen brenden schaub outs dnd interested got fantasy genre longer skip eight hundred and forty-five instagram post july 9th two thousand and seventeen corroborates story
0.792,0.208,0.0,-0.5859,karma bitch
0.329,0.47,0.201,-0.2263,foolish honestly believe ill see remake got least ending lifetime
0.0,1.0,0.0,0.0,thoughts new writer house dragon “ryan condal”
0.0,1.0,0.0,0.0,freedolk
0.0,0.687,0.313,0.9081,still think make least 9th season know remaking 8th season possibilities cmon making 9th season possible would save reputation great great series piece art left shadows think unnecessary
0.0,0.586,0.414,0.5007,looks like dnd arent thing getting cancelled today
0.0,1.0,0.0,0.0,man spoken
0.0,0.652,0.348,0.4939,everyones reaction austin film festival panel dd
0.375,0.625,0.0,-0.5574,sub announced dd exited star wars trilogy
0.0,1.0,0.0,0.0,king viserys i‘house dragon’
0.407,0.452,0.141,-0.6908,feels like waking cake day reading news 2d fired star wars
0.474,0.526,0.0,-0.5574,dd dropped star wars trilogy
0.177,0.645,0.177,0.0,hey free folks azerothian think got youre azor ahai send someone pick looks angry
0.0,1.0,0.0,0.0,mean knew
0.0,0.0,1.0,0.5574,hahaha
0.0,1.0,0.0,0.0,hound rock sandor clegane live jumanji two
0.0,1.0,0.0,0.0,bend knee
0.0,1.0,0.0,0.0,doesn’t “make sense”
0.559,0.441,0.0,-0.5859,reading 2ds bullshit answers
0.865,0.135,0.0,-0.7506,still fighting war
0.286,0.496,0.218,-0.2023,“he’s good nice man i’m upset leg hurt he’s going tough time getting home” grandmother ninety-one ned stark
0.0,0.667,0.333,0.3612,wanted say bottom heart thank freefolk
0.383,0.617,0.0,-0.4767,rfreefolk realize wrong defending season eight
0.0,1.0,0.0,0.0,loweffort af
0.643,0.357,0.0,-0.802,grrm hears d2 fired star wars
0.53,0.47,0.0,-0.836,david benioff db weiss planned star wars trilogy dead
0.0,0.451,0.549,0.7264,really hope cast go bigger better things
0.139,0.688,0.173,0.1139,six months later internet still doesnt disappoint although god knows dnd
0.483,0.25,0.267,-0.3818,audio dumb dumber austin film festival
0.706,0.294,0.0,-0.802,find dd fired star wars
0.712,0.288,0.0,-0.8126,chaos isnt pit chaos pit
0.0,1.0,0.0,0.0,reaction recent 2d news
0.0,0.764,0.236,0.5267,"sexy jon snow one hundred and three thousand, one hundred and fourteen"
0.0,1.0,0.0,0.0,guys
0.0,0.0,1.0,0.2732,well
0.5,0.5,0.0,-0.4588,night longand full desperation
0.243,0.592,0.166,-0.3182,true dnd kneeler game thrones worst fans world juggernaut outstripped source material
0.0,0.6,0.4,0.25,bloodmoon deserves another chance
0.0,0.465,0.535,0.5574,wanted expand fan base nfl players
0.242,0.758,0.0,-0.7506,discussion recent revelations shown even confirmed incompetence andor poor decision making skills lead showrunners right get go hence went right first seasons
0.512,0.488,0.0,-0.6369,watched lotr got pissed got
0.487,0.0,0.513,0.0516,delight misery
0.0,0.513,0.487,0.6908,honor halloween actually cosplay comedy character sometimes perform
0.305,0.527,0.168,-0.3197,one thing disturbs months really want talk
0.437,0.563,0.0,-0.4767,new spinoff actually terrible news
0.0,0.256,0.744,0.4404,good day
0.255,0.49,0.255,0.0,wore armor fight mountain hed still alive
0.778,0.222,0.0,-0.5423,fuck olly
0.0,1.0,0.0,0.0,burn
0.058,0.747,0.195,0.6908,year two thousand and thirty house dragon series finale aired following martin’s wish ten seasons covering everything fire blood credits role screen lights epilogue many years later last targaryen ruler opens eyes reign life good
0.0,1.0,0.0,0.0,us
0.0,1.0,0.0,0.0,sansa john snow
0.194,0.806,0.0,-0.34,crimson jihad rain fire one major dd project weekuntil demands met
0.0,1.0,0.0,0.0,zaldrizes buzdari iksos daor
0.29,0.467,0.243,-0.128,dd actually said panel audio disappointed relieved
0.0,1.0,0.0,0.0,coincidence
0.2,0.334,0.466,0.6983,best star wars story apparently two fucking idiots lmao
0.353,0.597,0.05,-0.796,celebration shitposting reminds kinda want see disney series daenerys time crime queen star wars underworld
0.0,0.556,0.444,0.34,it’s enough get excited
0.321,0.595,0.083,-0.8402,succeeded fellow freefolk dd officially star wars deal deal cause last shitty season finally rest say efforts rush season jump star wars deal vein
0.0,0.548,0.452,0.765,think celebrate good news getting got s8 petition two million
0.706,0.294,0.0,-0.5859,dd leave star wars
0.0,1.0,0.0,0.0,new apple air pods
0.0,1.0,0.0,0.0,perhaps essence nightshade
0.0,1.0,0.0,0.0,disney kneels rfreefolk
0.419,0.215,0.366,-0.128,rfreefolk enjoying spoils war
0.456,0.544,0.0,-0.7717,game thrones writers quit star wars learning franchise already ruined
0.0,0.377,0.623,0.5106,one strong force
0.0,1.0,0.0,0.0,kinda forgot
0.0,1.0,0.0,0.0,got moving forward
0.545,0.455,0.0,-0.5574,freefolk star wars fans
0.0,0.556,0.444,0.6124,shes smartest person ive ever met
0.0,0.738,0.262,0.4939,dd joined panel austin film festival someone live tweeted answers
0.324,0.676,0.0,-0.5859,david benioff db weiss leave star wars reddit taking undeserved victory lap
0.336,0.42,0.244,-0.0258,someone defends got s8 good arguments serious question
0.0,1.0,0.0,0.0,remember arya met nymeria meant absolutely nothing plot packed time conclusice character arc anymore
0.0,0.105,0.895,0.9432,dear lord forgive euphoric yes yes yes subvert
0.354,0.315,0.331,-0.0772,hbo killed greatest cash cow history
0.0,0.0,0.0,0.0,
0.0,1.0,0.0,0.0,never understand knight king
0.367,0.367,0.266,-0.2732,tender spot heart cripples bastards hope
0.31,0.69,0.0,-0.5574,kneelers hearing news baby penis followed quitting star wars
0.0,0.734,0.266,0.4404,surely they’re going try cover whole conquest ten episodes
0.111,0.889,0.0,-0.128,“end house targaryen” dany’s end notwithstanding mean we’re gonna see robert’s rebellion point
0.0,1.0,0.0,0.0,ah victory
0.0,1.0,0.0,0.0,reddit
0.0,1.0,0.0,0.0,wait
0.394,0.606,0.0,-0.0772,bittersweet victory guys
0.468,0.532,0.0,-0.5267,idea freefolk cancel netflix accounts fire dd
0.565,0.435,0.0,-0.5994,lannisters send regards bitches
0.0,1.0,0.0,0.0,first post reddit
0.0,0.756,0.244,0.4404,hope might get winds next year george still blowing wind
0.556,0.444,0.0,-0.3612,debt yet paid
0.896,0.104,0.0,-0.8625,bastards burn hell
0.367,0.633,0.0,-0.4391,know nfl players really dislike fantasy
0.0,1.0,0.0,0.0,rather prequels finishing books
0.0,1.0,0.0,0.0,one
0.0,1.0,0.0,0.0,freefolk send regards
0.148,0.591,0.262,0.4019,found meme made laugh ass two years ago rowing made gendry athletic trackstar capable running wall hours
0.0,1.0,0.0,0.0,fucking
0.643,0.357,0.0,-0.802,got died star wars could live
0.0,1.0,0.0,0.0,heres little something get feet fakeson mean son see never
0.0,0.752,0.248,0.5106,daily rfreefolk free talk thread october twenty-nine two thousand and nineteen
0.0,0.29,0.71,0.4404,sigh want go back promised
0.31,0.69,0.0,-0.5574,wonder king robert baratheon say dd getting fired sw
0.188,0.812,0.0,-0.4588,someone needa make meme mickey mouse south park beating jonas brothers dnd faces editted
0.0,1.0,0.0,0.0,even ad knows properly conquer town
0.724,0.276,0.0,-0.9201,dumb shits ruined game thrones get canned star wars
0.085,0.485,0.43,0.7717,one guy loved writing “the last jedi” took news pretty hard
0.265,0.735,0.0,-0.5574,dd quit star wars take two hundred million dollar netflix contract
0.0,1.0,0.0,0.0,orrrderr
0.0,0.27,0.73,0.4019,yes finally
0.0,0.27,0.73,0.4019,hopefully forever
0.0,1.0,0.0,0.0,thought experiment redoing long night onward
0.706,0.294,0.0,-0.5859,2d leave star wars
0.0,1.0,0.0,0.0,link comments
0.0,1.0,0.0,0.0,long time lurkeroc
0.0,1.0,0.0,0.0,ever wonder dd visit sub
0.0,1.0,0.0,0.0,d2s excuses par writing skills
0.0,0.0,0.0,0.0,
0.308,0.428,0.263,-0.1351,least dont also ruin star wars even
0.0,1.0,0.0,0.0,dd gone
0.0,1.0,0.0,0.0,pyrrhic victory
0.0,0.448,0.552,0.5719,happy halloween photo newyorknico
0.0,0.571,0.429,0.4588,honestly dont know else expected
0.257,0.743,0.0,-0.4215,‘star wars’ shakeup david benioff db weiss exit trilogy leaving franchise’s future uncertain
0.318,0.682,0.0,-0.1027,investment continues pay dividends
0.0,1.0,0.0,0.0,many emotions
0.222,0.778,0.0,-0.25,cancelled prequel season eight remake next five years
0.0,0.323,0.677,0.4939,well that’s window well
0.188,0.486,0.326,0.25,mean got 08x03 motivation fans give damn original long night
0.0,0.278,0.722,0.3818,dear dd
0.0,1.0,0.0,0.0,wine mooore wine
0.0,0.752,0.248,0.5106,daily rfreefolk free talk thread november one two thousand and nineteen
0.643,0.357,0.0,-0.5574,dd star wars
0.0,1.0,0.0,0.0,bran’s court jester
0.0,1.0,0.0,0.0,maybe elon musk written season eight
0.427,0.573,0.0,-0.7717,mrw find dd leaving star wars realize basically ruined got nothing
0.825,0.175,0.0,-0.8555,dumb dumber left star wars
0.0,1.0,0.0,0.0,post made got exact amount karma freefolks
0.0,0.769,0.231,0.4939,hey finished watching got season five couldn’t find bran hodor meera anywhere please tell they’re okay
0.318,0.554,0.128,-0.6705,freefolk celebrating twenty-four hours dd got fired star wars bloodmoon prequel got cancelled hbo announced house dragon prequel ten episodes
0.815,0.185,0.0,-0.6597,wait killing
0.375,0.625,0.0,-0.5574,official dd longer working star wars trilogy
0.419,0.581,0.0,-0.5574,hear yet new ammunition shit dd
0.0,0.256,0.744,0.4404,better story
0.0,1.0,0.0,0.0,let fallout continue
0.0,1.0,0.0,0.0,ngl wanted prequels happen
0.0,1.0,0.0,0.0,plotholes show make sense
0.701,0.299,0.0,-0.8555,dumb dumber longer developing star wars trilogy
0.706,0.294,0.0,-0.5859,im sorry scene bad
0.0,0.0,0.0,0.0,
0.649,0.09,0.261,-0.5106,bastards better leave us alone
0.0,0.688,0.312,0.7783,won’t happen i’d love ah end house dragon retcon flash forward daenerys alive throne jon dany throne
0.0,1.0,0.0,0.0,spinoff suggestion
0.0,1.0,0.0,0.0,game thrones evolution s1s8
0.474,0.526,0.0,-0.5574,find dd gone star wars
0.0,1.0,0.0,0.0,professional screenwriting everybody thats actually script
0.452,0.548,0.0,-0.5106,spongebob dungeons dragons hating dd
0.0,1.0,0.0,0.0,!exploding_head!
0.583,0.417,0.0,-0.6808,im torn dd star wars news
0.0,0.756,0.244,0.4404,emilia clarke driving car children following would better s8 ending
0.0,1.0,0.0,0.0,!face_with_tears_of_joy!!face_with_tears_of_joy!!face_with_tears_of_joy!
0.0,1.0,0.0,0.0,house targaryen house stark prequel
0.231,0.385,0.385,0.34,lmao surprise dd got got booted star wars trilogy
0.478,0.522,0.0,-0.7506,im mad anymore dissapointed actually im still bit mad
0.796,0.204,0.0,-0.5994,ultimate torture
0.0,1.0,0.0,0.0,daenerys targaryen sends regards
0.722,0.278,0.0,-0.3818,battle billionaires
0.0,1.0,0.0,0.0,probably went
0.0,1.0,0.0,0.0,httpswwwfacebookcom11775531229posts10156268503241230sfnsmo
0.0,1.0,0.0,0.0,asinine thing say
0.0,0.752,0.248,0.5106,daily rfreefolk free talk thread october thirty-one two thousand and nineteen
0.0,1.0,0.0,0.0,download third season maybe 4th
0.545,0.455,0.0,-0.34,witcher knows fire
0.596,0.404,0.0,-0.8957,dumb dumber actually gave interview weeks ago japan places holy shit damning
0.0,0.417,0.583,0.4215,remember still cared
0.504,0.496,0.0,-0.7964,work tomorrow knowledge won’t suffer dd star wars trilogy
0.34,0.66,0.0,-0.5574,david benioff db weiss bail star wars deal
0.242,0.337,0.421,0.3927,happy star wars wont ruined dd late got
0.0,1.0,0.0,0.0,modified got music box halloween costume s8 jon snow
0.0,1.0,0.0,0.0,need announce emilia cast !grimacing_face!
0.0,0.672,0.328,0.4449,sub learning dd arent star wars anymore
0.459,0.541,0.0,-0.1779,seriously made day
0.0,0.0,0.0,0.0,
0.0,1.0,0.0,0.0,sub
0.0,1.0,0.0,0.0,known
0.0,0.375,0.625,0.6124,original idea lend support resistance
0.0,1.0,0.0,0.0,freefolk spreading
0.608,0.392,0.0,-0.4767,ruined show nothing
0.0,1.0,0.0,0.0,!crab!!crab!!crab!
0.783,0.217,0.0,-0.5574,ahhh shit
0.527,0.473,0.0,-0.836,get home work see dd lost star wars contract abandoned got
0.0,0.345,0.655,0.5859,see absolute win
0.592,0.408,0.0,-0.701,fact doesnt surprise makes fucking furious
0.0,1.0,0.0,0.0,every time bran opens fucking mouth season eight
0.565,0.435,0.0,-0.5994,streaming services must die
0.0,0.323,0.677,0.6369,foooking love halloween
0.0,1.0,0.0,0.0,valar meeska mooska mouskatools
0.0,1.0,0.0,0.0,know ‘game thrones’ prequel ‘house dragon’
0.0,1.0,0.0,0.0,let burn
0.0,1.0,0.0,0.0,usual f dd
0.0,1.0,0.0,0.0,today dds day
0.0,0.678,0.322,0.5859,prequel start aegons conquest ends dance dragons sounds amazing
0.0,0.615,0.385,0.3612,gizmodo tells like db idea
0.0,1.0,0.0,0.0,d2 deserve nothing
0.394,0.606,0.0,-0.3818,battle winterfell crow eye view
0.333,0.49,0.176,-0.3818,clown duo sabotage chances golden globes nominations
0.082,0.462,0.456,0.8074,besides excited targ prequel im even excited altshiftx material awesome indepth breakdowns miss
0.419,0.581,0.0,-0.5574,hear 2ds star wars trilogy canceled
0.0,1.0,0.0,0.0,lads heading nnn
0.0,1.0,0.0,0.0,ah victory
0.778,0.222,0.0,-0.5423,fuck dd
0.0,0.884,0.116,0.3612,today stumbled upon must secret filming location chicago today remake season eight looks like we’re getting ice spiders deserve boys
0.233,0.451,0.316,0.2732,move us ruined best tv show ever made
0.462,0.538,0.0,-0.6486,public service announcement dds careers dead
0.0,1.0,0.0,0.0,dds logic toxic fans
0.778,0.222,0.0,-0.5423,curse dd
0.528,0.472,0.0,-0.6808,star wars trilogy game thrones creators cancelled
0.0,0.256,0.744,0.4404,better story
0.0,1.0,0.0,0.0,freefolks realizing dd still two hundred million netflix deal
0.179,0.697,0.124,-0.2732,b weiss david benioff let go star wars project thank making difference wallets going see gemini man
0.184,0.816,0.0,-0.2023,saw board game stall mall near place north remembers
0.0,1.0,0.0,0.0,tell cersei
0.0,0.667,0.333,0.3612,anyone actually like bots besides bobby b
0.295,0.546,0.158,-0.3612,disguise travel galaxy far far away get revenge two goons 2d mission accomplished
0.0,1.0,0.0,0.0,facepalm writing dd used cuff comeback private conversation season five turned analogy suddenly known world becomes mantra dany’s global conquest
0.307,0.693,0.0,-0.4767,writers article forgot dd ruined long pictures could
0.456,0.544,0.0,-0.7717,imagine crying dnd many months later shitty overused meme template
0.0,0.685,0.315,0.3182,night king sure change lot years
0.317,0.573,0.11,-0.6908,dd longer star wars netflix deal netflix gave deal get away star wars didn’t even thank
0.0,1.0,0.0,0.0,think shouldve ending scene
0.537,0.224,0.239,-0.6124,season eight died save star wars
0.643,0.357,0.0,-0.5574,write star wars
0.0,1.0,0.0,0.0,costume halloween
0.248,0.344,0.408,0.3235,dont watch star wars glad two dummies fired
0.597,0.403,0.0,-0.8126,heard 2dumps won’t get ruin star wars
0.0,1.0,0.0,0.0,dd taking earned grrms writing fucking parts unknown bc chickenshit face public
0.0,1.0,0.0,0.0,boys
0.375,0.625,0.0,-0.5574,benioff weiss star wars movies moving forward
0.0,0.417,0.583,0.4215,nice job everyone
0.199,0.498,0.302,0.4767,fucking review bombs shitposts bad writer review spams finally couldn’t ignore backlash longer honestly maybe happiest i’ve decade makes worth
0.474,0.526,0.0,-0.5574,hey freefolk dd stepback fired
0.267,0.381,0.352,0.2263,cause ill happy cause actually ending
0.0,1.0,0.0,0.0,spins
0.0,0.833,0.167,0.0516,escaping white walkers tormund one thing mind
0.0,0.545,0.455,0.3612,think guys would like
0.0,1.0,0.0,0.0,agh
0.526,0.256,0.218,-0.5859,dd losing star wars prequel series cancelled justice
0.0,0.0,1.0,0.4588,haha
0.0,1.0,0.0,0.0,freefolk mood
0.368,0.632,0.0,-0.5423,fat ass laying bed looking new memes
0.0,0.58,0.42,0.4404,new prequel looks better minute
0.375,0.625,0.0,-0.5574,small step got giant leap star wars
0.0,1.0,0.0,0.0,celebration
0.268,0.732,0.0,-0.5106,game thrones creators confirm theyre two white men failed upwards
0.177,0.823,0.0,-0.6808,real filmmaker storyteller reigns got series house dragon time also one guy balls say dds fault remember last watch documentary hbo finally getting track redeem dds dirty work
0.0,0.37,0.63,0.6249,can’t help think played part
0.391,0.609,0.0,-0.6705,arya killed white walker backstory pilot back april
0.0,1.0,0.0,0.0,theory mickey mouse azor ahai
0.0,0.213,0.787,0.5719,happy halloween
0.107,0.668,0.226,0.5673,think aegon lead house dragon also super familiar fire blood long aegon’s conquest dance dragons hearing show!dragon!!dragon!!dragon!
0.0,1.0,0.0,0.0,us right
0.0,1.0,0.0,0.0,today freefolk day !bottle_with_popping_cork!!bottle_with_popping_cork!!bottle_with_popping_cork!!party_popper!!party_popper!!party_popper!
0.756,0.244,0.0,-0.4767,dipshit dildo
0.867,0.133,0.0,-0.9186,read dumb dumber fired star wars
0.31,0.69,0.0,-0.5574,hear news dd longer work next star wars trilogy
0.0,1.0,0.0,0.0,prayers bobby b answered
0.0,1.0,0.0,0.0,knew something
0.0,0.667,0.333,0.128,everyone feeling ‘house dragon’
0.0,0.323,0.677,0.6369,perfectly balanced things
0.33,0.367,0.303,-0.0772,disney trust guys star wars dd
0.474,0.526,0.0,-0.5574,checking freefolk dd get shit
0.0,1.0,0.0,0.0,kinda forgot trilogy
0.778,0.222,0.0,-0.5423,dd bad
0.128,0.535,0.337,0.5994,whole vengeance justice fire blood quote would way better coming doran martell ellaria
0.0,0.833,0.167,0.4939,game thrones season nine begins brann opening eyes still cave three eye raven knowing done save westeros
0.0,0.874,0.126,0.3182,dan weiss saying gameofthrones basically expensive film school dave example idea work costume designers huge learning experience
0.0,1.0,0.0,0.0,dammit bran
0.0,1.0,0.0,0.0,look em turntables
0.0,1.0,0.0,0.0,phase one complete onto phase two
0.0,0.351,0.649,0.5719,much celebrate freefolk
0.0,1.0,0.0,0.0,cant wait game thrones prequel house dragon series
0.0,1.0,0.0,0.0,season nine answer remade season eight
0.0,1.0,0.0,0.0,can’t wait
0.0,0.256,0.744,0.4404,good news
0.0,1.0,0.0,0.0,subvert
0.0,1.0,0.0,0.0,mitchell webb showing dd it’s done
0.372,0.465,0.163,-0.5574,long night prequel ridiculously racist black people game thrones rumour true
0.0,1.0,0.0,0.0,goodest boi
0.0,1.0,0.0,0.0,never know origins white walkers
0.0,0.732,0.268,0.4449,dds faces disney told wouldnt directing star wars trilogy
0.0,0.357,0.643,0.5574,netflix real hero
0.286,0.714,0.0,-0.5574,star wars origin jedi would focus canceled benioff weiss trilogy
0.247,0.753,0.0,-0.5574,david benioff db weiss exit star wars disney tells got directors today
0.605,0.395,0.0,-0.5574,loses netflix loses rip netflix
0.0,1.0,0.0,0.0,awsome game thrones script
0.0,0.496,0.504,0.6249,sure want know exactly looks like heads benioff weiss
0.0,0.759,0.241,0.2263,lancel lannister getting roasted three minutes straight
0.765,0.235,0.0,-0.3089,dont want excited
0.0,1.0,0.0,0.0,heard news today
0.355,0.645,0.0,-0.296,dnd quit distract real news
0.419,0.581,0.0,-0.5574,rfreefolk hearing dd left star wars
0.0,0.341,0.659,0.7003,feels like would get appreciated
0.0,0.694,0.306,0.296,accurate costumes considering last season joke
0.0,0.769,0.231,0.2023,benioff weiss would feel right home succession
0.0,1.0,0.0,0.0,h3 podcast roasting dd reviewing freefolk memes
0.0,0.345,0.655,0.5859,see absolute win
0.0,1.0,0.0,0.0,sub rn
0.375,0.625,0.0,-0.5574,dd removed star wars following got finale
0.867,0.133,0.0,-0.7579,dd stupid fucks
0.0,0.667,0.333,0.3612,house drgaon prequel goes something like
0.0,1.0,0.0,0.0,reading dd panel answers
0.767,0.233,0.0,-0.5106,insult kingslayer
0.0,0.633,0.367,0.4404,remember today rfreefolk today life good
0.0,1.0,0.0,0.0,“david benioff dan weiss incredible storytellers” lucasfilm president kathleen kennedy said
0.756,0.244,0.0,-0.4767,bran broken
0.0,0.286,0.714,0.3612,series promised
0.3,0.435,0.265,0.0516,freefolk actually win hard according vanity fair reporters benioff weiss removed softy star wars may
0.0,0.213,0.787,0.5719,duo happy
0.419,0.581,0.0,-0.5574,freefolk d2 star wars news comes
0.474,0.526,0.0,-0.5574,dd exit star wars trilogy
0.0,0.508,0.492,0.4404,thanks elsai mean sansa
0.0,1.0,0.0,0.0,hey guys remember jon balls wasnt fucking kneeler 2d dont
0.0,1.0,0.0,0.0,another proper subversion expectations
0.0,1.0,0.0,0.0,heres link audio thread forarya posted
0.0,1.0,0.0,0.0,kneel
0.0,1.0,0.0,0.0,freefolk dd apologists past two days
0.0,1.0,0.0,0.0,always knew one would sell
0.314,0.541,0.146,-0.4767,hbo making prequel house targaryen directed miguel sapochnik grrms help involvement dumb dumber
0.0,0.687,0.313,0.6249,night king pumpkin carving took nine hours think turned great
0.388,0.612,0.0,-0.8957,realize dd rushed thrones work star wars project get booted star wars project youre left shitty thrones final season live
0.457,0.123,0.42,-0.0772,answer injustice justice
0.0,1.0,0.0,0.0,wait
0.0,1.0,0.0,0.0,everyone rn
0.729,0.271,0.0,-0.7951,men fight gold neither honor loyalty
0.474,0.526,0.0,-0.5574,dd dropping star wars trilogy
0.0,1.0,0.0,0.0,manifestation dd town parade
0.615,0.256,0.128,-0.7717,feeling dd get fired star wars
0.0,0.843,0.157,0.4215,daenerys targaryen sansa stark finally put aside differences acknowledge one true king pod rod first name
0.0,1.0,0.0,0.0,trash dd
0.0,0.637,0.363,0.431,cant wait see bad boy screen
0.545,0.455,0.0,-0.34,fire blood motherfucer
0.0,1.0,0.0,0.0,bravo dd slow clap
0.214,0.68,0.106,-0.3658,two thousand and seven david benioff clip aged like milk became screenwriter didnt want another screenwriter ruin adaptation book
0.0,1.0,0.0,0.0,money sending message everything burns
0.0,1.0,0.0,0.0,look fucking
0.388,0.25,0.362,-0.0516,sundae absolute useful sad
0.0,1.0,0.0,0.0,homemade king north
0.0,1.0,0.0,0.0,maybe next time dd
0.0,1.0,0.0,0.0,finally got around painting shield working
0.0,1.0,0.0,0.0,winter still coming winds remains priority george rr martin
0.767,0.233,0.0,-0.5106,pain harold
0.0,1.0,0.0,0.0,main house dragon seasonal structure
0.0,0.27,0.73,0.4019,interesting title
0.0,0.217,0.783,0.5574,last laugh
0.553,0.263,0.184,-0.5859,dd admitted fuking show
0.0,0.0,1.0,0.4404,better
0.0,1.0,0.0,0.0,real
0.0,0.69,0.31,0.2023,always read fine print boys
0.0,1.0,0.0,0.0,snows tree turns red guy shows
0.767,0.233,0.0,-0.5106,dd failed
0.0,1.0,0.0,0.0,guess
0.537,0.463,0.0,-0.7003,bojack summarized feelings latest dumb dumber interview
0.0,1.0,0.0,0.0,alll fucking kneelers walking back words
0.0,0.377,0.623,0.5106,time positivity week
0.545,0.455,0.0,-0.5574,dd exit star wars
0.0,1.0,0.0,0.0,effect got s8
0.381,0.619,0.0,-0.6486,white walkers dead got prequel series going forward
0.261,0.522,0.216,-0.1531,may get back show show happens destroy something profit
0.545,0.455,0.0,-0.5574,rfreefolk heard dd fired
0.427,0.573,0.0,-0.7717,got fandom show ruined least backlash caused 2d star wars job
0.0,1.0,0.0,0.0,maybe tomorrow
0.0,1.0,0.0,0.0,relatable
0.0,0.575,0.425,0.5719,honour spooky month dave dan confessing
0.512,0.488,0.0,-0.2732,drop netflix disney
0.0,1.0,0.0,0.0,never kneel
0.608,0.392,0.0,-0.4767,burn yah shits
0.205,0.625,0.17,-0.1531,ripple effect dd last season felt ages glad got star wars gig though
0.486,0.135,0.378,-0.2023,star wars saved
0.528,0.472,0.0,-0.6808,mrw hear ds star wars series cancelled
0.695,0.305,0.0,-0.8442,dd admitting mistakes anger sort subsided sadness
0.426,0.574,0.0,-0.6369,star wars shocker game thrones duo quits planned trilogy
0.636,0.364,0.0,-0.5423,horrible paint skills
0.0,1.0,0.0,0.0,least give us something dammit
0.213,0.787,0.0,-0.2263,hbo cancels game thrones prequel starring naomi watts
0.0,0.244,0.756,0.9081,better good also get great ramin board thank
0.706,0.294,0.0,-0.802,dnd fired star wars freefolk
0.0,0.698,0.302,0.0772,want skinless apple bud
0.0,0.444,0.556,0.3612,patrolling sub like
0.0,0.7,0.3,0.4588,favorite s8 actor show postgame world series celebrations
0.232,0.581,0.187,-0.1779,good thing dd dropped star wars else might one plot points
0.0,1.0,0.0,0.0,lannisters send regards
0.706,0.294,0.0,-0.5859,hbo returns fire fire
0.474,0.526,0.0,-0.5574,watching news dd star wars
0.0,1.0,0.0,0.0,halloween two thousand and nineteen dress melisandr aka red woman anyway couple nailed it!zany_face!
0.0,0.58,0.42,0.4404,prolly hope made seasons got
0.0,1.0,0.0,0.0,house dragon trailer may two thousand and twenty release date
0.0,1.0,0.0,0.0,weirwood turned cabinet !pensive_face!
0.375,0.625,0.0,-0.2023,hbo executives cancelling bloodmoon
0.69,0.31,0.0,-0.836,yall stop blaming season eight bad rushed
0.195,0.566,0.239,0.1779,bran broken — lord six kingdoms protector realm winner office costume contest
0.0,0.615,0.385,0.6124,biggest plot hole s8 solved media finally reporting useful information
0.0,1.0,0.0,0.0,dd gone
0.0,1.0,0.0,0.0,pranks dd
0.0,1.0,0.0,0.0,plot could
0.508,0.492,0.0,-0.4767,deserve ousted 2d broken
0.545,0.455,0.0,-0.5574,dd removed star wars
0.344,0.37,0.286,-0.2732,realize actor played grand maester aemon died seeing show fall ruins
0.0,1.0,0.0,0.0,anyone else waiting roast
0.534,0.466,0.0,-0.8834,realizing 2d rushed got stars wars find got fired got ruined reason
0.0,1.0,0.0,0.0,let sink
0.0,0.263,0.737,0.4215,imagine marvel
0.0,0.397,0.603,0.8225,happy birthday ser brienne tarth beautiful creature
0.608,0.392,0.0,-0.4767,winterfeld bran broken
0.31,0.69,0.0,-0.5574,rushed got go write star wars trilogy aren’t even
0.0,1.0,0.0,0.0,scene secretly foreshadowing careers slow decent along
0.0,0.435,0.565,0.0772,dun want
0.0,0.706,0.294,0.3612,2d abolitionist also happens dwarf looks like
0.0,0.345,0.655,0.5859,brilliant planning david
0.0,1.0,0.0,0.0,benioff talking ten years sacrifice
0.0,1.0,0.0,0.0,know nothing
0.262,0.397,0.341,0.0,one feeling depressed rather hype house dragons lol
0.0,0.769,0.231,0.2732,“how much game thrones series actually well written”
0.0,1.0,0.0,0.0,thats rather story
0.0,0.488,0.512,0.2732,god among men
0.0,1.0,0.0,0.0,freefolk sw news
0.185,0.593,0.222,0.128,glad see dd done david caruso sucks come expense got
0.0,1.0,0.0,0.0,north remembers
0.333,0.667,0.0,-0.25,mean i’ll cancel netflix account
0.273,0.547,0.18,-0.296,fan parody predicting thier real life answers thier fuck
0.0,0.667,0.333,0.3612,jon kinda forgot longclaw looks like
0.307,0.693,0.0,-0.4767,latest terrible writing advice video took jab benioff
0.408,0.414,0.178,-0.5994,honestly sub close negativity folks beyond toxic shit everything happens
0.0,0.444,0.556,0.3612,aka encouraged see
0.474,0.526,0.0,-0.5574,involved new star wars trilogy
0.394,0.438,0.168,-0.6283,scattered freefolk star wars fans found dnd wont ruin star wars
0.0,1.0,0.0,0.0,society
0.382,0.244,0.374,-0.0258,hard truth even cleganebowl dumb fan service
0.649,0.351,0.0,-0.7506,lets stop shitting dd minute crazy hear
0.717,0.283,0.0,-0.765,anyone ever fuck hard lose franchise
0.0,1.0,0.0,0.0,s8 owes masego writing royalties
0.424,0.576,0.0,-0.7096,make new memes ill actually watch season eight crying noises
0.574,0.426,0.0,-0.4019,you’re damn right
1.0,0.0,0.0,-0.5994,fuckers
0.0,1.0,0.0,0.0,entire subreddit past twenty-four hours
0.0,1.0,0.0,0.0,godspeed brothers
0.277,0.723,0.0,-0.4133,someone wanted robert rebellion prequel wouldnt matter like story white walkers first real long night end jon doesnt matter
0.0,0.69,0.31,0.2023,actors finally come admit dissatisfcation
0.0,1.0,0.0,0.0,sansa dislikeable end
0.439,0.49,0.071,-0.8056,s8 2ds star wars project cancelled upcoming got spinoff cancelled aswell cant help feel empty inside
0.261,0.739,0.0,-0.6808,sometimes think back reaction long night got downvoted hell night aired guess ahead time
0.0,1.0,0.0,0.0,apparently get
0.0,1.0,0.0,0.0,yet another detail dd glossed
0.0,1.0,0.0,0.0,real got fans right
0.0,1.0,0.0,0.0,paraphrasing recent announcement
0.0,1.0,0.0,0.0,take oath take black
0.0,1.0,0.0,0.0,ifuckingcalledit
0.344,0.656,0.0,-0.2732,low effort meme todays events
0.16,0.635,0.204,0.1531,i’m glad hbo giving go ahead worried show might similar fate shitty ending got source material fb completed according grrm’s timeline fb two might come potentially dream spring
0.0,0.488,0.512,0.6369,best news i’ve seen day
0.0,1.0,0.0,0.0,sw fans react dd departure
0.0,1.0,0.0,0.0,i’m north wall right still looking john snow big women
0.0,1.0,0.0,0.0,day
0.528,0.472,0.0,-0.6808,everyone internet dd’s star wars gets cancelled
0.0,1.0,0.0,0.0,yeeet
0.0,1.0,0.0,0.0,wargs nearest raven
0.0,0.256,0.744,0.4404,deathstroke better
0.0,0.408,0.592,0.4404,today good day
0.0,1.0,0.0,0.0,live society
0.0,1.0,0.0,0.0,saw raskreddit
0.0,1.0,0.0,0.0,could south park episode dd
0.0,1.0,0.0,0.0,guys
0.0,1.0,0.0,0.0,long time lurker 1st time shitpost
0.381,0.619,0.0,-0.6486,“untitled” game thrones prequel naomi watts officially dead
0.692,0.308,0.0,-0.6705,suicide jeffrey epstein
0.42,0.58,0.0,-0.4404,dont get away queen dirty
0.383,0.333,0.283,-0.296,hell kind thought process even required
0.0,1.0,0.0,0.0,"still wild girlie one thousand, nine hundred and thirty-two"
0.541,0.459,0.0,-0.7096,realize mad queen arc rushed damn reason
0.213,0.674,0.112,-0.4215,twenty-four hours double ds removed sw prequel let go hbo chance somehow inevitably ruin
0.282,0.545,0.173,-0.296,let get straight 2d rushed got ruined nothing
1.0,0.0,0.0,-0.4019,problem
0.592,0.408,0.0,-0.8271,oh fear mockery quiet operational canceling pitiful trilogy arrives
0.328,0.672,0.0,-0.5994,dd interview exit time inside episode season finale die
0.0,1.0,0.0,0.0,king north
0.407,0.123,0.469,0.128,dumb dumber’s amazing
0.215,0.785,0.0,-0.802,hbo cancels game thrones prequel starring naomi watts however second got prequel project still works based martin’s fire blood history house targaryen spans roughly one hundred and fifty years focusing targaryen civil war
0.247,0.753,0.0,-0.5574,david benioff db weiss reportedly removed star wars following game thrones finale
0.0,1.0,0.0,0.0,discussion house dragon casting
0.0,1.0,0.0,0.0,cant wait see reigns maegor iii orys daeron chairmaker
0.0,0.762,0.238,0.3612,else feels like todays news twow never actually come
0.0,1.0,0.0,0.0,people check sub see story article already posted especially breaking news
0.474,0.526,0.0,-0.5574,star wars trilogy say tell
0.321,0.123,0.556,0.2263,scheduling conflicts yeah sure
0.0,1.0,0.0,0.0,google father stephen friedman benioff took mother’s maiden name bc already writer named david friedman father chairman goldman sachs also chairman federal reserve chairman federal reserve decided bail gs
0.0,1.0,0.0,0.0,many men lacking full hands
0.0,0.662,0.338,0.5574,game thrones show’s creators prompted huge new fan backlash television radio
0.336,0.561,0.103,-0.5423,found dd aka plague thrones backed star wars
0.0,1.0,0.0,0.0,!crab!!crab!!crab!!crab!dd gone!crab!!crab!!crab!!crab!
0.254,0.381,0.365,0.3252,dd choose netflix deal star wars trilogy thank god wont get chance ruin
0.51,0.49,0.0,-0.8537,dd quits deal destroyed got never really cared much star wars either
0.0,1.0,0.0,0.0,real life
0.524,0.476,0.0,-0.5106,db weiss pervert two
0.0,0.77,0.23,0.2716,maybe disney really playing 4d chess whole time
0.0,1.0,0.0,0.0,rushed got nothing
0.0,1.0,0.0,0.0,freefolk say shall begin
0.474,0.526,0.0,-0.802,freefolk people try correct dd quit star wars weren’t fired
0.242,0.51,0.248,0.0258,remember horrendous panel austin next day disney deal fell lmao
0.59,0.41,0.0,-0.802,rushed script write star wars get fired
0.34,0.66,0.0,-0.5574,benioff weiss star wars movies moving forward ign
0.0,1.0,0.0,0.0,bullet doged
0.0,1.0,0.0,0.0,daenerys ending dds careers gutting long night prequel
0.0,1.0,0.0,0.0,dramatization 2d’s newest interview
0.0,1.0,0.0,0.0,game thrones prequel house dragon ordered hbo
0.0,0.351,0.649,0.5719,time celebrate tonght
0.0,0.0,0.0,0.0,
0.0,0.827,0.173,0.3182,dd walking away two hundred million dollars huge victory us bring downvotes
0.0,1.0,0.0,0.0,freefolk send regards
0.0,1.0,0.0,0.0,!jack-o-lantern!!jack-o-lantern!!jack-o-lantern!
0.0,1.0,0.0,0.0,send clowns !clown_face! !clown_face!
0.0,0.484,0.516,0.4939,think friend halloween year
0.0,1.0,0.0,0.0,rise freefolk plant trees
0.0,0.192,0.808,0.6369,glorious day
0.0,1.0,0.0,0.0,whats dd wanting baby
0.0,1.0,0.0,0.0,ahhh victory
0.655,0.345,0.0,-0.5859,finished got wtf
0.0,0.286,0.714,0.3612,prince promised
0.0,1.0,0.0,0.0,went seven hells
0.0,1.0,0.0,0.0,hahahahahahahaha
0.0,0.724,0.276,0.6369,best part seson eight night king game thrones season eight piano version
0.281,0.719,0.0,-0.5719,breaking news girl one knife trick time travels kills night king show even airs
0.0,1.0,0.0,0.0,targaryen dynasty c two hundred and eighty-three ac
1.0,0.0,0.0,-0.6369,fought greedily
0.0,0.539,0.461,0.6449,charismatic woman !smiling_face_with_heart-eyes! tiny elegant !smiling_face_with_heart-eyes!
0.0,1.0,0.0,0.0,debating rewatch
0.0,1.0,0.0,0.0,appealing moms football players
0.0,1.0,0.0,0.0,2d rewrote season two
0.301,0.482,0.217,-0.1779,dd openly admit idea confirming suspicions
0.59,0.41,0.0,-0.802,dd fired writting new star wars trilogy
0.0,0.0,0.0,0.0,
0.0,0.615,0.385,0.3612,looks like prequel focus dance
0.0,1.0,0.0,0.0,coffee cup
0.0,0.752,0.248,0.5106,daily rfreefolk free talk thread october thirty two thousand and nineteen
0.438,0.562,0.0,-0.8316,know star wars doomed long signing dd people calling incredible storytellers working
0.0,0.635,0.365,0.5574,audio recording dds qa austin film festival admitted fucking everything
0.0,0.667,0.333,0.3612,cat vet looks like white walker
0.0,1.0,0.0,0.0,bandmate elton john snow
0.0,1.0,0.0,0.0,literally can’t work today i’m busy reading every post sub
0.643,0.357,0.0,-0.5574,dd star wars
0.0,0.488,0.512,0.6369,best news ive heard week
0.0,1.0,0.0,0.0,brothers arms
0.183,0.693,0.124,-0.296,meta anyone else think incident sub months back intentionally done like hbo something splinter anger show
0.483,0.0,0.517,0.0516,bitter sweet
0.0,0.638,0.362,0.5267,kind topic what’s going still thenn thursday
0.0,0.732,0.268,0.0258,house targaryen actually matters
0.315,0.624,0.061,-0.8903,im done anything gotasoiaf im gonna bitch got rest life read last two books gonna bother readingwatching anymore prequelssequels released frankly dont care ruined theyre still trying milk dead cash cow
0.413,0.587,0.0,-0.2755,dany someone doesnt like
0.362,0.638,0.0,-0.8689,everyone difficulty reading netflix deal signed august dd removed star wars end october leave disney ‘better’ deal already still working star wars films
0.288,0.48,0.232,-0.1779,dd may actually left star wars better payment
0.0,1.0,0.0,0.0,us seeing news
0.0,0.731,0.269,0.5279,got little excited saw hound monday night football realized that’s one storyline can’t redeemed
0.0,0.0,1.0,0.5859,win
0.474,0.526,0.0,-0.5574,star wars fantasy elements removed
0.444,0.556,0.0,-0.34,harry potter goblet fire
0.255,0.559,0.185,-0.4588,please fucking check sub posting “there new got prequel” big news honestly new full “breaking news” articles it’s annoying hell
0.0,0.213,0.787,0.5719,happy day
0.0,1.0,0.0,0.0,get mr president
0.0,1.0,0.0,0.0,it’s time bear netflixthen mission complete
0.0,1.0,0.0,0.0,unlucky jorah
0.105,0.672,0.223,0.4215,people still doubt esquire magazine syfy confirmed tweeter forarya fact make live tweets like season eight leaksthe absurd true
0.545,0.455,0.0,-0.5574,bye bye star wars
0.0,0.698,0.302,0.0772,tell dd want know
0.379,0.316,0.305,-0.1779,shit got ten times better
0.0,0.328,0.672,0.6249,vince gilligan awesome
0.0,0.602,0.398,0.5106,fellow free folk five front page
0.0,0.517,0.483,0.4215,true got fans right
0.42,0.58,0.0,-0.7003,fucked season eight hard it’s season sold alongside porno parodies
0.0,1.0,0.0,0.0,seaon eight halloween costume
0.0,0.727,0.273,0.128,defense 2d season eight unforgivable
0.0,1.0,0.0,0.0,freefolk today world
0.286,0.714,0.0,-0.5574,dd “leaving” star wars deal days admitting idea got coincidence
0.649,0.351,0.0,-0.5719,hate thing left
0.359,0.641,0.0,-0.4215,freefolk every time dnd project fails
0.0,1.0,0.0,0.0,storytellers looking
0.0,1.0,0.0,0.0,met man restaurant today
0.0,0.543,0.457,0.6369,best part claim it’s schedule full
0.0,1.0,0.0,0.0,4d chess
0.0,0.698,0.302,0.0772,hail tshirt nobody asked
0.423,0.577,0.0,-0.296,maybe stop saying way
0.488,0.412,0.1,-0.8225,dd see nightmares wherever spirit goes careers evil men die
0.0,0.638,0.362,0.1779,least tree trend growing
0.0,1.0,0.0,0.0,every time hear say anything anything
0.0,1.0,0.0,0.0,get man aegon targaryen
0.0,1.0,0.0,0.0,moment freefolk stood tall king
0.0,0.734,0.266,0.4404,even better since dd wont limiting miguel sapochnik anymore
0.624,0.376,0.0,-0.8519,everywhere goes evil men die case careers
0.474,0.526,0.0,-0.4019,rwitcher taking piss dd
0.123,0.711,0.166,0.2247,miguel sapochnik end eighty minute battle really care night king got fancy moves spear really give st
0.0,1.0,0.0,0.0,2d georges inside men new trilogy
0.329,0.523,0.148,-0.7845,man sure worst time david benioff daniel weiss right feel like say even nobody listens fucked got deserved maybe time us stop
0.0,1.0,0.0,0.0,ending would trash anyway
0.394,0.319,0.287,-0.25,thought might help lingering heartbreak
0.565,0.435,0.0,-0.3818,dd dug grave
0.0,1.0,0.0,0.0,face saw news dd
0.0,1.0,0.0,0.0,link confirms tweets dd panel fabricated
0.176,0.682,0.142,-0.1531,making tv series house targaryen knew ends like 2d ruined everything watchable asoiaf universe
0.497,0.414,0.09,-0.7845,trash got order star wars star wars doesn’t want
0.0,1.0,0.0,0.0,got vs hp
0.0,1.0,0.0,0.0,tyrion doesn’t approve
0.0,0.704,0.296,0.2732,ten episode show mean seasons well
0.0,0.0,0.0,0.0,
0.159,0.354,0.487,0.6759,sacrifice wasnt vain fuck dd may never ruin beloved franchise
0.0,1.0,0.0,0.0,rfreefolk send regards
0.0,0.789,0.211,0.1548,“how little spark set hige forest ablaze”
0.0,1.0,0.0,0.0,moms nfl players code women black people
0.0,1.0,0.0,0.0,f00king kneelers defending dd yesterday
0.538,0.462,0.0,-0.5423,dd character consistency fuck
0.0,0.488,0.512,0.2732,well escalated quickly
0.0,0.4,0.6,0.4588,theon’s favorite toy
0.0,1.0,0.0,0.0,kinda forgot less six months ago disney two
0.649,0.351,0.0,-0.5719,hate say told
0.429,0.571,0.0,-0.4588,daenerys jealous missandeigreyworm deleted scene
0.0,1.0,0.0,0.0,house alabama 1st name
0.297,0.312,0.391,0.1531,thank gods bessie tits
0.0,1.0,0.0,0.0,liam cunningham tries defend season eight
0.0,0.704,0.296,0.2732,grrm sapochnik we’re eating well tonight
0.0,0.728,0.272,0.7351,dan wanted remove many fantasy elements possible bc “we didn’t want appeal type fan” wanted expand fan base people beyond fantasy fan base “mothers nfl players”
0.0,1.0,0.0,0.0,havent watched anything got related since finale
0.0,0.323,0.677,0.6369,best way put
0.49,0.51,0.0,-0.5859,game thrones writers leave star wars trilogy
0.0,1.0,0.0,0.0,dimitri reaction hearing news
0.0,0.652,0.348,0.4939,audio d2s austin film festival got panel
0.0,0.0,1.0,0.6486,well well well
0.0,0.597,0.403,0.4019,yes mr snow samwise tarly
0.0,1.0,0.0,0.0,explains lot
0.545,0.455,0.0,-0.34,song ice fire
0.0,1.0,0.0,0.0,petition rename s8 ep6 “cleganebowl” blackout every scene besides
0.474,0.526,0.0,-0.5574,2d longer making star wars
0.0,1.0,0.0,0.0,content wanted say
0.0,1.0,0.0,0.0,hollow victory disney gave us
0.231,0.769,0.0,-0.34,weirwood tree front yard song ice fire back yard
0.0,0.612,0.388,0.5859,reason drogon burnt throne finally revealed xd
0.184,0.48,0.336,0.4404,maybe best place ask boycott dd sub topic
0.0,1.0,0.0,0.0,i’m man here’s cersei costume i’ve working year
0.338,0.662,0.0,-0.3713,tbh never really cared blood moon
0.0,1.0,0.0,0.0,could’ve
0.792,0.208,0.0,-0.5859,gotcha bitch
0.489,0.511,0.0,-0.7717,shipwreck worse actual one would dds star wars trilogy
0.0,1.0,0.0,0.0,thats happening lately
0.0,1.0,0.0,0.0,rare footage dd season eight writing session
0.0,1.0,0.0,0.0,‘star wars’ setback ‘game thrones’ duo david benioff db weiss exit trilogy
0.423,0.577,0.0,-0.765,‘game thrones’ showrunners david benioff db weiss confirmed worst suspicions fanbase
0.0,0.213,0.787,0.5719,happy halloween
0.0,1.0,0.0,0.0,live footage netflix lawyers looking though contract signed dd looking get clause
0.375,0.625,0.0,-0.5574,hbo wanted ten seasons eight star wars
0.425,0.575,0.0,-0.5719,time anger passed let hype begin
0.285,0.292,0.423,0.2263,win die game thrones spinoffs stand chance
0.0,1.0,0.0,0.0,‘star wars’ setback ‘game thrones’ duo david benioff db weiss exit trilogy
0.0,1.0,0.0,0.0,main casting idea house dragon
0.0,1.0,0.0,0.0,dds contribution society thats first six seasons got
0.436,0.369,0.195,-0.3843,aka dont want anyone complain bad writing
0.153,0.645,0.202,0.1531,get cross two egotistical showrunners fanbase thats treated like trash
0.474,0.526,0.0,-0.5574,benioff weiss quit star wars
0.0,0.625,0.375,0.4588,forgot prepare memes favorite subs cakeday
0.0,0.46,0.54,0.5719,2d finally admit truly didnt know
0.0,0.517,0.483,0.4215,dd show true colors
0.0,1.0,0.0,0.0,lot folks talking starwars setback
0.0,1.0,0.0,0.0,uh eventually plan epic finale ten year long show right
0.265,0.49,0.245,-0.0516,thought atmospheres matched check like doom metal
0.545,0.455,0.0,-0.5859,we’re 2d fired disney leave netflix
0.357,0.643,0.0,-0.4168,couldnt justice anything even life depended
0.419,0.581,0.0,-0.5574,dd star wars trilogy put hold
0.706,0.294,0.0,-0.802,unironic post rasoiafcirclejerk dumb cunts
0.53,0.47,0.0,-0.836,game thrones naomi wattsled prequel dead hbo holly shit
0.474,0.526,0.0,-0.5574,rfreefolk star wars fans rn
0.419,0.323,0.258,-0.3612,got writers play total war
0.0,0.27,0.73,0.4019,interesting title
0.0,1.0,0.0,0.0,disney subverted expectations
0.0,1.0,0.0,0.0,lannister always pays debts environment
0.545,0.455,0.0,-0.802,dd ditch star wars wrecking gots08 star wars
0.778,0.222,0.0,-0.8885,realised death hedwig shocking death danny
0.0,1.0,0.0,0.0,you’re telling need rush last season huh
0.0,0.263,0.737,0.6808,finding friends like got
0.0,1.0,0.0,0.0,think i’ll get candy
0.73,0.27,0.0,-0.6597,double douche abandon netflix
0.643,0.357,0.0,-0.5574,dd star wars
0.474,0.526,0.0,-0.5574,dd fired disney back may
0.0,0.256,0.744,0.4404,mission accomplished
0.13,0.733,0.138,-0.2028,carried house targaryen back eight seasons straight reason new prequel series seeing light day never forget best final dragon goat daenerys targaryen
0.0,0.707,0.293,0.4404,grrms blog ngl makes feel lot better prequel
0.0,1.0,0.0,0.0,thumbs toxic game thrones fans
0.0,0.192,0.808,0.6369,love dd
0.0,1.0,0.0,0.0,day exacts heavy toll
0.344,0.333,0.322,-0.0516,spouse better story bran broken
0.0,1.0,0.0,0.0,tywin sends regards
0.0,0.0,1.0,0.5267,surprise sure
0.0,0.615,0.385,0.3612,looks like disney came senses
0.375,0.625,0.0,-0.5574,every single upvote give star wars news
0.0,0.663,0.337,0.6808,good news hopefully he’s man word means he’s actually trying get finished soon
0.241,0.759,0.0,-0.5423,hbo really expecting people give fuck house dragon know targaryen line ends
0.199,0.704,0.097,-0.5423,everyone seems victory lap dd ousted star wars yet consolation prize three hundred million netflix also really think two idiots could damage franchise kathleen kennedy disney already
0.773,0.227,0.0,-0.5267,revenge fanbase
0.1,0.9,0.0,-0.0572,months dd go meeting present work netflix streaming service say dont want
0.0,0.733,0.267,0.8442,dd wrote s8 inspired michelangelos pieta sculpture blood quote robert fosters poem without trying sound condescending thousands think theyd done better job writing honestly many know cultural references
0.0,0.719,0.281,0.5994,house dragon prequel know loved character fookin mushroom cant change mind
0.0,1.0,0.0,0.0,caw caw three eyed raven targaryen story
0.649,0.351,0.0,-0.5719,hate see happen
0.0,1.0,0.0,0.0,realize cameo appearance reflects reality
0.0,1.0,0.0,0.0,see
0.0,1.0,0.0,0.0,keep memes coming
0.407,0.593,0.0,-0.6705,let’s give big fuck george lucas part ruining season eight
0.468,0.532,0.0,-0.6597,lady olenna feel 2d getting fucked
0.377,0.0,0.623,0.3612,win loss
0.0,1.0,0.0,0.0,live rstarwars
0.542,0.458,0.0,-0.7964,get two dipshits fuck television series star wars
0.583,0.417,0.0,-0.6369,house dragons already doomed
0.0,1.0,0.0,0.0,dd kinda forgot contract netflix
0.0,1.0,0.0,0.0,went
0.224,0.776,0.0,-0.3818,still annoyed dragons shrank didnt seem tangible realistic season seven
0.783,0.217,0.0,-0.5574,dd fired
0.0,0.704,0.296,0.2732,third post rfreefolk think aged well
0.528,0.472,0.0,-0.6808,rfreefolk seeing dds star wars get cancelled
0.416,0.396,0.188,-0.5106,i’m dd hatred get facts straight
0.787,0.213,0.0,-0.5719,hate see
0.0,1.0,0.0,0.0,think got actors among freefolk
0.0,1.0,0.0,0.0,rfreefolk reaction news today
0.214,0.256,0.53,0.5719,content sucks netflix dd perfect fit
0.455,0.212,0.333,-0.2856,dead may never die
0.0,1.0,0.0,0.0,five months since gots ended still havent watched finalei quit episode 4should finally watch rest
0.0,1.0,0.0,0.0,whats song end s3e3 put instead ramins work
0.0,1.0,0.0,0.0,reunited fanbase
0.649,0.351,0.0,-0.941,ruined emmy !heavy_check_mark! ruined star wars contract !heavy_check_mark! ruin netflix contract !black_square_button!
0.0,0.318,0.682,0.6467,happy halloween !jack-o-lantern!
0.0,1.0,0.0,0.0,one absolutely body arya lannister
0.0,1.0,0.0,0.0,reading news morning
0.281,0.391,0.328,0.1531,one australia’s best shit stirring groups chaser
0.0,1.0,0.0,0.0,mothers nfl players sub week
0.419,0.581,0.0,-0.5574,know dd choose netflix star wars
0.619,0.381,0.0,-0.7579,quit star wars theyre running scared
0.0,1.0,0.0,0.0,first meme
0.0,1.0,0.0,0.0,targaryen made phone back thoughts
0.286,0.714,0.0,-0.5574,star wars tells dd go another galaxy far far away
0.508,0.492,0.0,-0.4767,telling ruined s08 nothing
0.178,0.822,0.0,-0.0772,knew tried add link sorry wouldnt work
0.0,1.0,0.0,0.0,dds preseason eight meeting hbo season nothing
0.462,0.538,0.0,-0.6486,‘game thrones’ prequel white walkers dead
0.0,0.575,0.425,0.5719,celebrating fall 2d wineglasses painted uncle
0.545,0.455,0.0,-0.5574,rfreefolk quit star wars
0.0,0.736,0.264,0.6956,imagine show apologists mostly one name tried explain dd choices five months found dd truly never gave fuck
0.279,0.721,0.0,-0.7003,tv hbo cancels game thrones prequel starring naomi watts second got prequel project focusing targaryen civil war
0.0,0.561,0.439,0.5719,game thrones creators finally admit truly didnt know
0.0,1.0,0.0,0.0,guys prefer david db
0.333,0.667,0.0,-0.25,wanted let know prequel cancelled
0.0,1.0,0.0,0.0,sub right
0.0,1.0,0.0,0.0,thats drink carve things
0.0,1.0,0.0,0.0,real footage exact moment boy davos realized written frontlines city siege
0.241,0.759,0.0,-0.5859,disney probably “hired” dd push netflix offering obscene amount money lure away disney
0.0,1.0,0.0,0.0,comic
0.0,1.0,0.0,0.0,bobby b write crossword
0.0,1.0,0.0,0.0,long
1.0,0.0,0.0,-0.4588,regrettably
0.383,0.617,0.0,-0.4767,it’s shame hbo couldn’t achieve dany
0.545,0.455,0.0,-0.5574,star wars netflix go
0.35,0.65,0.0,-0.6486,even daenerys dead house targaryens bloodline still lives two
0.0,0.541,0.459,0.5267,justice served finally one ashes
0.0,0.25,0.75,0.4588,sweet victory
