post,label
heres dads thrones set armageddon expo nz first proper build,0
hound soundboard,0
think,0
interesting take jamie lannister least someone seems somewhat positive ending,1
found gem canby creepy,0
recieved red vipers spear replica longclaw scale,0
im hand anymore !face_with_tears_of_joy!,1
im dumbass got attached,-1
better actress cersei catelyn stark,1
onboard cruise ship jewel seas honeymoon,1
halloween coming night king pumpkin works pumpkin carving competition,0
epoxy dragons,0
another new game thrones prequel works,0
heres season six dany better fullbody time,1
amateur video editor made sansa stark hope enjoy,1
daenerys targaryen !fire!,0
symbolism tyrions name,0
released spotify epic game thrones cover please take listen,1
peter dinklage wiser tyrion lannister heres story wisest man,1
girl name,0
girlfriend dressed daenarys khal drogo halloween,0
training like becoming jon snow,1
alternative ending daenerys walks sits iron throne seems lost camera pans takes face arya que music dun dun dadadun dun clips got closes dun dun da dun goosebumps,-1
seems spidercrew visiting westeros spiderverse sequel photo 1st cretan comiccon held heraklion crete weekend,0
top gadgets went viral two thousand and nineteen,1
many boars could robert take prime,0
ever meet rory mccannsandor clegane don’t want autograph picture want call fucking cunt,-1
emilia clarke got tattoos inspired dragons,1
nyccomicon2019 daenerys cosplay years making,0
think daenerys would’ve “given ship wish good fortune” missandei chose leave,1
arya dany,0
david benioff db weiss recent discussion got revealing confusing,-1
cant wait see play house dragon torrhen stark bending knee aegon targaryen,-1
pycelle called s1 e5,0
dreaming happier times,1
bron cheeky bastard changing tyrion’s promise “i’ll beat it” “i’ll double it”,-1
would win fight robert baratheon khal drogo,1
"top fifteen game thrones characters spoken words twenty million, one hundred and twelve thousand and nineteen",1
brans tax policy,0
feeling conversation hints house dragon aegon visenya rhaenys targaryen,0
harry potter game thrones combining two worlds create custom wands,1
breaking bads aaron paul loved game thrones ending interested joining prequel series,1
people go rewatching got seasons multiple times year never watching episode ending,0
hi ppl fantribute daenerys targaryen mother dragons fav character got hope like,1
halloweenparty last night decided go character got,0
display wall dire wolf skulls recovered la brea tar pits los angeles photo taken onsite museum,-1
game thrones roleplay,0
post quoted atleast give recognition end valuable time gone research haha nevertheless great article strongly recommend,1
anyone know got released 4k,0
documentary downfall got,0
painting drogon,0
bored nothing school today,-1
internet vs season eight,0
season four death worst guys watch,-1
wife gave got catan birthday,0
cosplaying first time,0
etiquette got live symphony shiw,0
looking pic hq,0
remember place,0
game thrones themed inktober todays prompt snow could one choice man knows nothingjon snow always tries right thing one favourite characters show,0
meaning name bran celtic,0
id love see spinoff iron bank maybe faceless men,1
winter coming,0
throwback arya ghost,-1
visited klis fortress croatia may recognise,0
jon snow talks red wedding kit harington,0
completely changed got,0
“if youre famous smuggler youre right” ink paper two thousand and nineteen,-1
halloween coming,0
halloween costume jon snow queen,0
need help finding video got,1
love dressing daughter got character naps guess character said,1
game thrones season eight anime opening,0
fanart portrait jon snow good noodle,1
made group chat without mate theyre salty got made king,0
theon actually pet dog,0
anybody felt tremors tyrion says death final yet life full possibilities,-1
saw halloween lawn decorations walking home dropping son school,0
someone please explain scene,1
season game thrones violent,-1
late night sketch bronn,0
shitty photo awesome experience totally recommend checking concert,1
cutesy house baratheon tattoo done luck love darlington,1
visited king’s landing today,0
daenerys friend jon snow halloween,1
anyone help find video pasted got characters avengers end game characters,1
carved pumpkin sigil house dorne warning good,0
henry cavill would perfect aegon conqueror daemon targaryen,1
knew would happen,0
doggo stark posing front self portrait,0
winter coming winds remains priority george rr martin,0
jon snow montage,0
actual game thrones castles,0
got roman mythos,0
iron throne,0
costume last year didnt reddit enjoy happy halloween pleased hear ghost gets plenty pets,-1
sansa stark would best ruler sit iron throne perhaps exception jon snow like dany others disregard well thought ideas times well know agree disagree used hate sansa beginning she’s favorite u,1
rise shine night king,0
show great,1
bran become interesting,1
friend painted birthday,1
great rendition jenny oldstones voice portugal,1
here’s unfinished pointillism portrait tyrion “art never finished abandoned”,0
ygritte costume,0
jenny oldstones game thrones podricks song cover roxy darr,0
gonna see big boy,0
game thrones really different traditional story,0
forgive forget,0
song ice bandages,0
custom crochet dog costume finished yesterday figured guys would love,1
meanwhile tyrion travels around eastern europe used peugeot,0
maisie williams interview fire milk hot ones,-1
game thrones indian soap opera,0
met summer greywind odin thor,0
meet giantsbanes kristofer hivju sat twin discuss acting,0
everyone think lord highgarden marry,0
god bless rose leslie able bring middle finger,1
best actors game thrones,1
george rr martin inducted new jersey hall fame last weekend,1
s5 varys vs s8 varys credits image go uiceandfiyah,1
girlfriend put little spin daenerys,0
true winterfell according books shadiversity,1
bork north,0
odin allfather bran stark,0
water color weirwood tree made,0
mrs hodor try say stable boys learn fight,0
jamies character incostistency,0
recreated entire battle winterfell wonderdraft,-1
“outed” theon eunuch,0
hbo announces new game thrones spinoff house dragon,0
ever explained show gave valyrian steel dagger catspaw season one,0
made hip hop version game thrones theme song hope like,1
night dark full terrors,-1
carved jackolantern everyones favorite scene long night,1
summary dd interviewed recent panel,0
daenerys targaryen cosplay belovedcosplay photo tomasz stepien,0
drew jon snow inktober,0
ghost king north inktober,-1
game thrones creators cast jason momoa fan casting pages,1
legends myths behind white walkers,0
please anyone clear confusion day prequel got cancelled later news hbo confirmed prequel two prequels one got cancelled one survived,1
despite seeing players think would’ve actually good andor effective ruler,1
bran true villain,-1
still disappointed ending,-1
north remembers,0
birds eye view white harbour westeroscraft photo credit westeroscraft,1
guys think dd sort ruined careers,-1
dd could’ve taken lesson marvel,1
worst series wrap tv history got lost,-1
fucking idiot,-1
hello made art back finally got around posting pls enjoy,1
battle winterfell,-1
heres second one took 3040hrs complete enjoy please message interested purchasing,1
hbo gives game thrones targaryen prequel 10episode order,0
bantam hardcover,0
lets give props actors don’t speak still great acting though they’ll never get credit deserve,1
might go retake winterfell idk,0
read red wedding first time,0
night queen halloween costume,0
robb really need make deal walder frey,0
wow,1
jon parallels,0
new kingslanding,0
game thrones characters die pretty much normal show much youre unfazed characters death character died however cried like baby im even ashamed admit,-1
white clawkers cometh,0
gods young boe good ward,1
tyrion lannister pumpkin carving,0
incidental house stark cosplay,0
kit harington full ace comic con panel interview today 26mins long lovely watch full game thrones jon snow harry potter talk,1
art beric dondarrion underrated character wanted draw,0
question show,0
acok quote may foreshadow show ending,0
favourite scene game thrones,0
fanart daenerys,0
think major events s78 happen books,0
tattoo translation need help,1
didn’t cersei much season eight,0
parents got house glasses,0
game thrones anime opening,0
song ice fire,-1
game thrones tattoo got earlier year fresh vs healed,1
find night king costume,0
house dragon official twitter,0
got theme,0
finally got pic costume big ferocious doggo lacey funniest costume chosen overall contest nov 3rd,1
game thrones spinoff series house dragon coming hbo,0
war hypocrisy game thrones,-1
game thrones removed hbo go placed hbo max,0
jon really deserve king north,0
bringing together ice fire,-1
night king theme choir singing,0
cant quite find got music sounds like ori ost,1
okay stupid question,-1
rest peace saddest death game thrones daenerys’s character development !skull_and_crossbones!,-1
voice portugal thank later,1
children forest cosplay new york comic con photo amanda hatfield,0
warning show should’ve ended book may end,-1
got toronto maple leafs intro parody,0
daenerys drogon,0
anyone done 4d puzzle westeros sohave framed,0
haven’t drawn years got inspired one best characters show,1
guy university going places,0
transformation khal drogo,0
who else felt bad night kingwhite walkers dragons overall magic themes treated show,-1
friend photoshoot jon snow costume,1
favorite got art prints picked nycc year,1
lord light come us darkness night dark full terrors,-1
fixingrefilming season eight,0
whats looking wrong answers,-1
1st 4th halloween jon snow feels like freshman vs senior year,1
realization rewatching end season four,0
jenny oldstones piano cover hope think original justice,1
thoros myr true unsung hero westeros,1
two characters never wear crowns,0
squeaky daenerys says dracrays,0
finished 3d printing painting sisters birthday eighteen hour print shes huge gots fan although never watched guys think link video comments,1
adam muh queeeen,0
got podcast,0
come viserys doesn’t ae name,0
miniature kings landing made cardboard,0
dragonstone ticked bucket list,-1
littlefinger theory,0
smell incest,0
ink illustration week end idea would happen,0
moon tea exist tv show verse asoiaf,0
trying find quote eluding,0
theon greyjoy cosplay,0
drew three years ago finally decided share,1
!wolf_face!!dragon!,0
senior year im need quotes suggestions,0
ending,0
animated aegons conquest part one aegons first test 4k,0
game thrones studio tour opening date anyone,0
daenerys quote flattery,0
targaryen family,0
would like sell rare got books dont see anything rules,1
rich lannister spotted goldpath wine spirits ny,1
awhile ago made front page arya cosplay makeup today attended nycc met amazing cosplayers hid sansa’s face privacy somehow contacts i’d happy post photo !wolf_face!,1
believe really happened,0
i’m looking video,0
dragon art leather polymer clay,0
i’ve made big three house logos work,0
got life size throne sale,0
would win fight jon snow khal drogo,1
lord protecter bronn stokeworth,0
"review game thrones reanimated immersive live concert experience comerica theatre ten thousand, one hundred and nineteen",0
best daenerys cosplay,1
visited castell de santa florentina horn hill traveling spain pics comments,0
play game prequels win die,1
true winterfell according books full 3d model tour comparison shadiversity,1
would liked season eight went direction anyone else agree,1
love friend’s painting 18th,1
charcoal portrait tyrion lannister,0
chaos ladder pixel art,-1
people calling tyrion idiot,-1
honour world “octopus” day dead may never die,1
daenerys drawing recently hope guys like,1
missandei,0
professional backlash toward dan david horrible writing season eight,-1
good spoilerfree tributestrailers series youtube recommending people,1
winter coming,0
really hates margaery,-1
thought he’d end muh king,0
poor ending show demotivated continue books book fans please motivate,1
beautiful man,1
look mum made birthday,0
game thrones song ice fire nights king cosplay,-1
thats podrick whores,-1
first look house dragaon game thrones prequel imdb,0
jon snow game thrones game ads look lot like jimmy kimmel wearing jon snow costume,1
different would series targaryens baratheon dynasty followed ibn saud method maintaining westeros,0
queens rule,0
three men jaime thinks would chance,1
mother dragonsdracarys !fire!,0
amazing much money mustve spent close shops restaurants,1
grrm jkr lunch,0
doesnt anyone hire faceless man,0
realistically u guys think first season come i’m hype,0
targaryen dragons using soda automata,0
hardcore game thrones quiz,0
one finds weird,0
prequels,0
real life location helped inspireshape castle black,0
game thrones ended left good amount people disappointed would score show scale one ten,0
thoughts,0
til there’s many ravenscrowsblackbirdsetc especially north,0
sams voting idea terrible,-1
went script season eight halloween !jack-o-lantern!,0
season three osha know warg powers lived wildlings,0
finally finished drawing arya,0
tattoo tribute arya stark needle,0
visited spice kings palace,0
night king spoke would sound like,1
game thrones x rainbow six siege,0
fuck,-1
rewatched beginning queens justice,1
iron throne fondant edition,0
preparation halloween please take bloody arya makeup look attempted eyeshadow lipstick,0
friend drew favorite artists characters got,1
sansa stark tribute,0
fresh ink ice winter rose,1
daughter dressed arya stark,0
if…,0
glass thrones belfast uk repost,0
always repping house targaryen even office !call_me_hand!,0
it’s best direwolf daenerys drogon halloween,1
west westeros seemingly lack curiosity,-1
fire blood baby,-1
game thrones suite rains castamere danish national symphony orchestra live,0
khaleesi,0
girl name,0
past weeks overly hyping much time money spent got costumehappy early halloween hat says “written dd” finger says “dracarys”,0
game thrones prequel update bloodmoon cancelled house dragon announced,-1
play game thrones win die cersei lannister,1
seven significant scenes cut final season game thrones,0
game thrones bloodmoon epilogue idea,0
choose one thing pissed season eight,-1
gf doesnt reddit account wants share excitement cosplaying daenerys comic con,1
thoughts ned,0
really hope one spin offs duncan egg adventure series,1
painted mountain,0
jorah wouldnt done,0
hes still favorite character got wise men,1
cut characters,-1
sub needs massive overhaul new mods front page garbage mess reposts spoiler tags need go,-1
worst line ever,-1
worth reading books watching show basically,1
david benioff db weiss started session austin film festival,1
cersei overly confident,1
made got snare drum it’s essos westeros map various house banners around,0
westeros cersei gotten elephants,0
night king ornament epoxy resin wood,0
daenerys cosplay,0
game thrones deleted scenes improve daenerys’ mad queen arc,0
top three favourite characters change mind tell ill reading comments!grinning_face!,-1
anyone else believe syrio forel jaqen hghar,0
new show going hbo hbo max safe say uk viewers get sky,1
podricks song jenny oldstones season eight cover made chewda2,0
one best pieces show imho,1
request,0
could cast actor character would dream cast always thought david bowie wouldve made amazing littlefinger,1
melisandre costume made ren faire,0
hounds storybook show,0
julian glover pycelle great example good got casting honestly feel character actor doesnt get enough credit,1
jon snow halloween costume,0
theoretical prequel rankings,0
house best thememusic,1
ended last halloween dressed daenerys daenerys ended series,0
game thrones ruined historical dramas,-1
its taken since april song first came knight seven kingdoms finally finished arranging producing orchestral rearrangement jenny oldstones season eight,0
wedding present cousin,0
cosplay wife daenarys drogon,0
favorite storyline show,1
got tattoo favorite show wanted favorite character death s1 thanks looking,1
found cool guy denver last weekend,1
jaime lannister good guy bad guy,0
throwback arya stark ghost,-1
custom printed lego got figures ktownbricks,0
playing first part song ice fire hope like,1
kit harrington jon snow live action red wedding,0
picked,0
problem bran king narrative wise,0
house targaryen show based fire blood getting pilot order hbo,-1
got anime please,1
daenerys cosplay con thrones ring bells,0
game thrones prequel series naomi watts dead,-1
"got one thousand, nine hundred and ninety-seven print date game thrones three",0
lets real show would better jon ended throne,1
characters like jorah mormont,1
game thrones suite rains castamere danish national symphony orchestra live,0
minor quotation mark missing dance dragons need someone tell goes,-1
daenerys halloween,0
today met ser jorah trampoline park edinburgh,0
wildfire season two tribute,0
there’s new khal town !eyes!,0
season fourteen bran good character,1
drawing tyrion last year hope like,1
winterfell 3d concept model according books shadiversity,0
saw amazing pumpkin uwaloo92 carved wanted share mine thirteen,1
cake thrones really talented cake maker shared picture cake done pecatta minuta it’s entirely made modelling chocolate fondant,1
way bend knee,0
game thrones characters according ai,0
drew beric inktober guys think,0
iron throne phone stand,0
favorite got scenes,1
existing nk ww filters,0
jon snow heritage,0
season show equivalent one book,0
dothraki follow dany,0
hurts day,-1
local street performers,0
happy halloween everyone,1
could olenna mace let loras fight,-1
met ian beattie today aka meryn trant total sweetheart wasnt selfies saw cosplay came hug !red_heart!,1
drew jon snow inktober year hope guys like,1
whatif westeros ned stark become king,0
earth going bran,0
winter coming,0
game thrones piano music,0
game thrones audiobook,0
game thrones creators idea actually got made,0
visited dubrovnik summer got tour guy extra got two separate occassions many stories show awesome experience,1
going walter white walker year,0
george r r martin interview august two thousand and nineteen,0
free use game thrones cast characters created recently,1
nuanced view dd,0
hbo announce house dragon game thrones prequel,0
tormund brienne halloween costumes,0
hi reddit made awhile back hand drawn pen wanted share prints sale interested,1
scooter dragonfire music video,0
hbo announced game thrones prequel titled house dragons based fire blood,-1
house dragon speculation,0
bonus material drogon wee bairn swearing oaths jon snow kit harington,1
syrio forel jedi,0
brienne tarth vs ser gregor clegane would win,1
two questions two got prequels,0
long night spinoff naomi watts cancelled,-1
kids nights watch,0
game thrones painting time lapse link comments,0
found interesting video game parallel,1
paula fairfield sound designer behind game thrones talks emmy win,1
made desktop thought sub might like,1
game thrones main theme full acoustic guitar tab,0
got reboot,0
isn’t important history taught schools,1
game thrones fans may ruined series,-1
jon snow oil canvas,0
could ramsay bolton written prince promised,1
made reason,0
shoutout lady thirty-five prophecies ain’t bad way melisandre,-1
would fix cersei villain,-1
since many people share artsy creations,1
yearbook week work celebrated decorating chairs,1
knight laughing tree inspired tattoo got today,1
yara greyjoy jon snow,0
met rebecca thompson tonight fermilab physicist author fire ice physics science game thrones,-1
didnt get nudity,0
one game thrones prequel series scrapped — another goes ahead,0
what showrunners benioff weiss actually said austin film festival writing producing game thrones,1
huh,0
happy halloween favorite pyrophobe,1
drawing night king ot colred pencils hope like,1
game churches,0
prequel game thrones watch,0
fire blood would make better prequel long night bloodmoon,0
actor kristofer hivju tormund giantsbane auctioning away original signed script charity,1
guys get blue namewords next username like people jon snow lyanna mormont fire blood think it’s pretty cool find,1
short poll criticism game thrones season eight school,-1
theory iron bank plot inconsistencies,0
game thrones alternate ending,0
kind friend arya daenerys—what could,1
get finale deserve,0
dire pumpkin,-1
another glass thrones belfast one dedicated targaryens,1
part inktober emilia’s face really difficult get right tried best,1
drew fast portrait night king inktober thought sub might like,1
amazing shots game thrones,1
awesome halloween gig,1
roberts bastards kill anyone,-1
game thrones inspired halloween office decoration guards cubicle contest crown,1
favorite episode,1
watercolor night king done hope enjoy,1
wouldnt wanna near gas station,0
game thrones houses archetypes zodiac opposites,0
book six,0
ben crompton dolorous edd making music video appearance sky john bramwell,-1
review game thrones season eight,0
made deezer playlist got ambient osts one hour nineteen mins,0
wow hbo announced new “game thrones” prequel thoughts,1
night king consider jon snow threat,-1
ain’t nothing like dame two dame diana gourd two thousand and nineteen,-1
similarities game thrones united kingdom,1
would cast fire blood house dragon series,-1
favorite character,1
cultures societies game thrones relaxed libertine views sex,1
grrm column chicago tribune,0
swimming blackwater bay red keep walls king’s landing honeymoon dubrovnik,0
night king pumpkin carving,0
hey everyone best fandom bingewatch awards get votes often deserve win,1
fun game thronestour belfast,1
what think cersei thinking end last starks,0
thought neighbor’s pumpkin might belong,0
true winterfell according books,1
finished white walker made exotic woods epoxy cut scroll saw,-1
costume jon snow “longclaw”,0
got hollywood bowl concert seasons amazing,1
watermelon carving night king valerianofatico,0
castle black grooms cake,0
witness start three hundred year long targaryen reign reign fire blood purple eyed nobel bloodline valyria conquering ruling continent named westeros riding dragons dragons much much bigger drogon got,-1
got old text based videogame 80s pixelart timelapse fanart,0
future dream fanfiction tale doom valyria,0
game thrones theme played melodic drums,1
got inktober day three — bait,0
never forget,0
true winterfell according books full 3d model tour comparison shadiversity,1
big drogon season eight,0
porto portugal climate strike,0
i’ve started christmas diy projects here’s tree,0
fire blood season one tribute,-1
found amazing drawing daenerys targaryen barcelona spain,1
